Timestamp,Location,Latitude,Longitude,pH,BOD_avg,DO_avg,Conductivity_avg,Turbidity
Apr 8 2025 12:00,"KOLLERU LAKE KOKKIRAYALANKA (V), KAILALUR (M)",16.65,81.2167,7.5,2.4,4.85,2702.5,16.2025
Apr 8 2025 12:00,"KONDAKARLA-AAVA LAKE, PARAWADA PHARMA CITY, VISHAKHAPATNAM",17.600852,82.9981,7.35,3.25,4.9,889,16.839
Apr 8 2025 12:00,"PULICATE LAKE , NELLORE DIST",13.5595,80.1715,7.7,2.6,5.1,42450,56.05
Apr 8 2025 12:00,"CHENGAMBAKAM TANK IN SRI CITY SEZ,
TIRUPATHI",,,7.1,1.75,5.8,328,9.978
Apr 8 2025 12:00,"ANNAMAYYA PROJECT ON CHEYYERU
RESERVOIR",14.2017,79.0208,7.65,1.65,5.95,615,9.665
Apr 8 2025 12:00,ANUMANAPALLE CHERUVU,,,8.05,1.7,7.15,239,7.039
Apr 8 2025 12:00,BRAMHASAGAR,21.0278,72.6565,7.5,1.6,5.75,494.5,9.7945
Apr 8 2025 12:00,DALI TANK,,,7.8,2,5.75,9612,20.112
Apr 8 2025 12:00,GACCHAKAYALA PORA (LAGOON),,,7.85,2.5,5.85,34565,46.365
Apr 8 2025 12:00,GANGINENI CHERUVU,13.2054,79.1002,7.35,2.85,4.8,1064,16.014
Apr 8 2025 12:00,INTERU SWAMPS,16.2667,81.2333,7.6,2.6,6.8,21485,31.685
Apr 8 2025 12:00,KATTAMANCHI CHERUVU,,,7.45,2.5,4.95,1018,14.618
Apr 8 2025 12:00,KRISHNA MANGROVES,15.475,80.8583,7.55,2.6,5.65,29250,41.75
Apr 8 2025 12:00,MID PENNAR RESERVOIR,14.8708,77.4094,7.45,1.35,5.8,453,8.903
Apr 8 2025 12:00,NAUPADA SWAMPS,18.5667,84.3,84.3,2.95,5,29415,44.265
Apr 8 2025 12:00,P .S. CHINNAIAH PALEM,,,7.5,2.8,6.9,900,11.5
Apr 8 2025 12:00,PATATEKALLI CHERUVU,,,7.75,11.75,6,26685.5,65.9355
Apr 8 2025 12:00,PATHAKOTHA CHERUVU,,,7.6,2.4,5.35,1316.5,13.8165
Apr 8 2025 12:00,PEDDA CHERUVU,17.4211,78.5554,7.15,27.95,3.9,1035,93.085
Apr 8 2025 12:00,SANGAMESWARA BACKWATERS,,,7.35,1.95,5.75,783.5,11.1335
Apr 8 2025 12:00,SOMASILA BACK WATER,14.4894,79.3053,7.55,1.4,5.85,637.5,9.1375
Apr 8 2025 12:00,TATIPUDI RESERVOIR,18.1716,83.1939,7.6,1.8,6.05,304,9.604
Apr 8 2025 12:00,UPPALANKA MUDFLATS,,,7.5,3.8,5.15,20165,37.265
Apr 8 2025 12:00,UPPALAPADU TANK,,,7.7,3.5,7,789,13.289
Apr 8 2025 12:00,YERRAKALUVA RESERVOIR,17.1506,81.6636,7.55,2.1,5.2,680,12.58
Apr 8 2025 12:00,"BORBEEL NO. 1 , RAM NAGAR, DIGBOI,
PUBLIC WATER SUPPLY, TINSUKIA",,,7.75,2.35,1,280,21.33
Apr 8 2025 12:00,"BORDOIBAM BEELMUKH BIRD
SANCTUARY, DHEMAJI",27.33,94.33,7.35,2.35,6.15,193.5,10.9435
Apr 8 2025 12:00,"BORSOLA BEEL, SARABBHATTI,
GUWAHATI",26.1681,91.7464,7.55,26.4,3.3,461,89.061
Apr 8 2025 12:00,"DALONI BEEL NEAR JOGIGHOPA, ASSAM",26.22646,90.57247,7.4,2.1,5,73.5,12.3735
Apr 8 2025 12:00,"DEEPAR BEEL AT BORAGAON NEAR
IASST, GUWAHATI, ASSAM",,,7.5,3.5,7.7,222,11.322
Apr 8 2025 12:00,"DEEPAR BEEL, ASSAM",26.1177,91.6494,7.5,3.7,7.5,220.5,12.3205
Apr 8 2025 12:00,"DIPLAI BEEL AT SILGARA, KOKRAJHAR",26.2681,90.2667,7.3,2.45,4.85,81,13.731
Apr 8 2025 12:00,"HOLUDUNGA BEEL NEAR GAI NADI/
RIVER AT SOMARAJAN, DHEMA JI",,,7.3,2.4,6.3,107,10.707
Apr 8 2025 12:00,"KAMALABARI LAKE INSIDE KAMALABARI
CHILDREN,S PARK, GELEKY",,,7.2,2.2,6.5,69,9.669
Apr 8 2025 12:00,"KAMALPUR BEEL, KAMALPUR",26.190372,91.745589,7.5,27.8,2.05,1098,96.398
Apr 8 2025 12:00,"MALINI BEEL NEAR INDUTRIAL AREA AT
RAMNAGAR",24.8308,92.7815,7.35,2.45,5.1,145,13.295
Apr 8 2025 12:00,"MER BEEL AT MADHABPUR, ASSAM",26.13,91.66,7.6,2.55,5.9,148.5,11.9985
Apr 8 2025 12:00,PARASHALI BEEL AT DEMORIA,,,7.3,2.5,8,136,7.636
Apr 8 2025 12:00,SAMAGURI BEEL IN NAGAON DISTRICT,26.4264,92.8625,7.25,2.45,5.55,130.5,12.3805
Apr 8 2025 12:00,"SILSAKO BEEL, CHACHAL, GUWAHATI",26.3259,91.8365,7.35,16.5,0.85,521.5,64.3215
Apr 8 2025 12:00,SON BEEL WATER AT KARIMGANJ,24.6875,92.4431,7.15,2.5,4.15,140.5,15.3405
Apr 8 2025 12:00,"SORU SOLA BEEL, PALTAN BAZAR,
GUWAHATI",,,7.5,27,3.5,474,90.474
Apr 8 2025 12:00,"BASKANDI POND INSIDE THE BASKANDI MADRASA, BASKANDI, ASSAM",24.8,92.9,7.35,2.35,4.5,115.5,14.1655
Apr 8 2025 12:00,"BISHNU PUSKAR PUKHURI OF HAYAGRIB MADHAB TEMPLE, HAJO, ASSAM",,,7.3,2.3,7.25,226,8.626
Apr 8 2025 12:00,"BOR BEEL AT JAKAI., ASSAM",26.13,91.66,7.5,2.4,5.5,248.5,12.4485
Apr 8 2025 12:00,BORPUKHURI AT SONARI,26.98,94.63,7.4,2.3,6.6,89.5,9.7895
Apr 8 2025 12:00,"BORPUKHURI, NAZIRA, ASSAM",26.9932,94.6334,7.3,2.25,6.6,76,9.626
Apr 8 2025 12:00,"BOTODRIVA SATRA POND, NAGAON,
ASSAM",26.331139,92.68575.,7.4,2.4,5.1,75.5,13.0755
Apr 8 2025 12:00,"CHAND DUBI BEEL, CHAND DUBI, ASSAM",,,7.45,2.35,7.45,95.5,8.2455
Apr 8 2025 12:00,"DIGHALI PUKHURI, GUWAHATI, ASSAM",26.1881,91.7508,7.4,2.65,7.7,269.5,8.8195
Apr 8 2025 12:00,"ELANGABEEL SYSTEM POND
(CONNECTED TO R. KOLANG), ASSAM",,,7.3,2.5,5.4,544,13.244
Apr 8 2025 12:00,"GALA BEEL AT DERGAON, ASSAM",,,7.55,2.3,8,83,6.983
Apr 8 2025 12:00,"GANGA PUKHURI, NALBARI (GORDON
SCHOOL), ASSAM",,,7.4,2.3,7.35,79.5,8.2795
Apr 8 2025 12:00,"GAURISAGAR TANK, GAURISAGAR,
ASSAM",,,7,2,5.9,74,10.274
Apr 8 2025 12:00,"GOPHUR TANK, GOPHUR, ASSAM",,,7.6,2.45,7.2,110,9.06
Apr 8 2025 12:00,"HORDAI PUKHURI, CHARAIDEW, ASSAM",,,7.05,2.25,6.4,70.5,10.0205
Apr 8 2025 12:00,"JAIPAL PUKHURI, SIPAJHAR, ASSAM",,,7.6,2.5,7.5,149.5,8.6495
Apr 8 2025 12:00,"JORPUKHURI AT UZANBAZAR
(UGRATALA TEMPLE)",,,7.5,2.5,7.75,393,8.393
Apr 8 2025 12:00,"MAHAMAYA MANDIR PUKHURI, ASSAM",,,7.6,2.25,4.55,81.5,13.7315
Apr 8 2025 12:00,NETAI PUKHURI AT NETAI PUKHURI,,,6.95,2.2,6.3,76,10.076
Apr 8 2025 12:00,"PADUMPUKHURI, TEZPUR, ASSAM",,,7.5,2.45,7.4,284,8.834
Apr 8 2025 12:00,"POND WATER FROM RAMKRISHNA
MISSION AT HAILAKANDI",,,7.25,2.4,4.7,150.5,13.9505
Apr 8 2025 12:00,"RAJADINIA PUKHURI AT ABHAYAPURI, ASSAM",,,7.35,2.25,4.9,70,13.02
Apr 8 2025 12:00,"RAJAPUKHURI AT GAURIPUR, ASSAM",,,7.6,2.35,4.95,111,13.261
Apr 8 2025 12:00,"RAJMAW PUKHURI, JORHAT, ASSAM",,,7.3,2.35,6.7,91,9.741
Apr 8 2025 12:00,"SARAN BEEL, ASSAM",,,7.3,2.35,5.5,90,12.14
Apr 8 2025 12:00,"SIVASAGAR TANK (BORPUKHURI) NEAR
SIVADOL, ASSAM",,,7.1,2.3,5.75,78,11.478
Apr 8 2025 12:00,"SUBHAGYA KUNDA POND KAMAKHYA
TEMPLE, GUWAHATI, ASSAM",,,7.55,2.35,6.25,232.5,10.7825
Apr 8 2025 12:00,"THOWRADOLE PUKHURI, THOWRADOLE
G.P. DEMOW BLOCK",,,7.25,2.4,6.65,80,9.98
Apr 8 2025 12:00,"GOYSAGAR TANK, SIBSAGAR, ASSAM",,,6.95,2,6,75,10.075
Apr 8 2025 12:00,"KAWAR LAKE, BEGUSARAI",25.624,86.1446,7.15,3.3,5.45,248,15.248
Apr 8 2025 12:00,MOTI JHEEL AT MOTIHARII,26.6481,84.9213°,7.75,8.5,12.3,735,17.635
Apr 8 2025 12:00,"SIKANDRAPUR, MUZAFFARPUR",26.1358,85.373,8.3,6.85,10.35,696,16.546
Apr 8 2025 12:00,SURAJ KUND AT GAYA,24.7792,85.0088,7.65,4.6,9.65,622,11.122
Apr 8 2025 12:00,TIGHI TALAB AT GAYA,,,8.1,5.05,12.5,848.5,6.9985
Apr 8 2025 12:00,"SUKHNA LAKE, CHANDIGARH",30.7421,76.8188,7.8,3,8.9,251.5,7.4515
Apr 8 2025 12:00,"HITKASA TAILING DAM, RAJHARA, CHHATISGARH.(DALLI RAJHARA IRON
ORE MINES, DALLI RAJHARA)",,,7.45,12,6.4,0,39.2
Apr 8 2025 12:00,"NEHRU NAGAR TALAB, BHILAI, CHHATISGARH.",,,7.45,2.4,7.1,0,9
Apr 8 2025 12:00,"BHALSWA LAKE, DELHI",28.743,77.171,7.85,47.5,1,6560,163.06
Apr 8 2025 12:00,"LAKE NEAR IIT FLYOVER, DELHI",28.55,77.19,8.9,113.5,5.65,940,346.14
Apr 8 2025 12:00,"SANJAY LAKE, DELHI",28.6148,77.3041,8.2,41.5,4.65,1194,132.394
Apr 8 2025 12:00,ANJUNEM LAKE,,,6.55,1.3,6.35,90,7.29
Apr 8 2025 12:00,CARAMBOLIM LAKE,15.38,73.83,7.3,1.9,6.55,351,8.951
Apr 8 2025 12:00,CURTORIM LAKE,15.2878,74.0194,6.85,1.95,4.15,136.5,13.6865
Apr 8 2025 12:00,HARWALE WATER FALL,,,6.8,1.45,7.15,111,6.161
Apr 8 2025 12:00,"MAYEM LAKE, BICHOLIM",15.576,73.94,6.75,1.4,7.05,67.5,6.1675
Apr 8 2025 12:00,RAIA LAKE,15.27,74.02,7.05,2.3,5.25,133.5,12.5335
Apr 8 2025 12:00,RUMDER LAKE,,,6.95,2.4,3.6,118,16.118
Apr 8 2025 12:00,SAIPEM LAKE,15.51353,73.77266.,7.15,5.25,3.05,329.5,25.9795
Apr 8 2025 12:00,"SALAULIM LAKE AT SALAULIM -
SANGUEM, GOA",15.21306,74.17889,7.6,1.4,7.1,88.5,6.0885
Apr 8 2025 12:00,"AJWAH LAKE AT SRI SAYAJI SABVAR,
BARODA,",,,8.05,1,6.8,433.5,5.8335
Apr 8 2025 12:00,"ANKLESHWAR RESERVOIR AT GIDC
ANKLESHWAR AT VALIA ROAD.",21.6073,73.0117,7.95,1,7.5,407,4.407
Apr 8 2025 12:00,"BINDUSAROVAR, SIDDHPUR
(DIST.PATAN)",23.9093,72.368,7.65,5.75,5.35,1310,23.86
Apr 8 2025 12:00,"CHANDOLA LAKE AT AHMEDABAD,",22.9879,72.587,7.85,10.7,5.5,559,37.659
Apr 8 2025 12:00,CITY LAKE OF NADIAD,22.700001,72.870003,8.1,2.35,5.7,1256.5,12.9065
Apr 8 2025 12:00,"GOMTI LAKE, OPP, RANCHODAJI
TEMPLE, DAKOR, KHEDA",,,7.95,2.25,5.1,490.5,13.0405
Apr 8 2025 12:00,"HAMISAR TALAV, BHUJ",,,7.8,2.5,5.8,526.5,12.4265
Apr 8 2025 12:00,"KANKORIA LAKE AT AHMEDABAD, NR.
BALVATIKA,",,,8.8,14.5,6.6,3285,49.585
Apr 8 2025 12:00,"KUWADAVA LAKE, VILL. KUWADAVA,
DIST. RAJKOT.",,,7.85,2.05,6.4,1786,11.136
Apr 8 2025 12:00,"LAKHOTA TALAV, JAMNAGAR",,,7.6,1.55,3.7,596.5,13.8465
Apr 8 2025 12:00,"MACHHU-II DAM, RAFLESHWAR, MORBI, RAJKOT",22.4656,70.0645,7.95,2.2,6.6,655.5,10.0555
Apr 8 2025 12:00,"MALAV TALAV, DHOLKA",,,8.7,15,6.7,3259.5,50.8595
Apr 8 2025 12:00,MOONSAR LAKE OF VIRAMGAM,,,8.65,34.5,3.9,3988,115.688
Apr 8 2025 12:00,"MOTICHER LAKE NEAR KAKARPAR
ATOMIC POWER STATION, DIST. SURAT.",21.2369,73.3525,7.9,1.05,6.9,578,5.928
Apr 8 2025 12:00,"NALSAROVAR LAKE (SANAND),
DIST.AHMEDABAD",,,8.3,12.9,6.7,6385,47.685
Apr 8 2025 12:00,NARSIMEHTA TALAV- JUNAGADH,21.52,70.463,7.75,2.55,5,667,14.317
Apr 8 2025 12:00,"SURSAGAR LAKE AT BARODA,",22.3008,73.2039,8.05,2.85,6.1,968,13.318
Apr 8 2025 12:00,VHERAIMATA TALAV AT ANAND,,,7.9,2.95,4.5,604.5,16.4545
Apr 8 2025 12:00,"DHUDHIA TALAV AT NAVSARI, DIST.
NAVSARI.",,,7.95,1.45,7.4,466.5,6.0165
Apr 8 2025 12:00,"OLPAD, VILLAGE POND:OLPAD, SURAT",21.33,72.75,7.85,1.75,6.8,725.5,8.3755
Apr 8 2025 12:00,THOL TANK (KALOL) (DIST. MEHASANA),23.22.50,72.37.50,7.8,18.5,5.15,900,62.1
Apr 8 2025 12:00,"BRAHMSAROVAR LAKE AT
KURUKSHETRA",,,7.6,4,7,550.5,14.5505
Apr 8 2025 12:00,"KAUSSHALAYA LAKE, PINJORE,
PANCHKULA",,,7.9,4,5.55,408.5,17.3085
Apr 8 2025 12:00,SOHNA LAKE,28.304,77.129,7.45,6.5,6.85,1110,22.91
Apr 8 2025 12:00,"SANHIT SAROVAR, KURUSHETRA",,,7.4,4,7.15,532.5,14.2325
Apr 8 2025 12:00,GOBINDSAGAR LAKE AT BILASPUR,31.4047,76.4968,7.6,1,9.05,283.5,1.1835
Apr 8 2025 12:00,KHAZIAR LAKE,32.5462,76.0581,6.9,1.5,6.4,87.5,7.7875
Apr 8 2025 12:00,"PONGDAM LAKE AT PONG VILLAGE,",32,76.04,7.65,1,7.6,167,3.967
Apr 8 2025 12:00,"RENUKA LAKE , 35 KM FROM PATNA
SAHIB NORTH",,,7.9,1.5,7.7,498.5,5.5985
Apr 8 2025 12:00,RIWALSAR LAKE,31.634,76.8335,7.6,3,7.55,402,10.302
Apr 8 2025 12:00,"(MANSAR LAKE AT MID POINT(MANSAR
LAKE)",,,7.65,1,7.7,207.5,3.8075
Apr 8 2025 12:00,"(MANSAR LAKE AT MID POINT(SURINSAR LAKE), J&K",,,8.25,3.6,6.4,202,14.202
Apr 8 2025 12:00,ANCHAR LAKE AT CENTRAL SITE,,,7.5,2.15,5.35,352,12.102
Apr 8 2025 12:00,ANCHAR LAKE AT JENAB SAHAB SOURA,,,7.3,6,2.05,512.5,30.4125
Apr 8 2025 12:00,ANCHAR LAKE AT SANGAM,,,7.3,3.85,3.5,413,20.963
Apr 8 2025 12:00,ANCHAR LAKE AT SINDH INFLOW,,,7.55,2,5.35,1553,12.853
Apr 8 2025 12:00,ANCHAR LAKE NEAR LKIMS,,,7.25,5.55,1.65,475,29.825
Apr 8 2025 12:00,DAL LAKE AT ASHAIBAGH BRIDGE,34.1149,74.8362,7.7,3.2,6.65,198,12.498
Apr 8 2025 12:00,DAL LAKE AT JOGILANKER,34.07,74.52,7.4,9.5,2.5,307,39.807
Apr 8 2025 12:00,DAL LAKE AT NAYADYAR,,,7.4,7.45,2.85,291.5,32.9415
Apr 8 2025 12:00,DAL LAKE AT ABIKARPORA,,,7.55,2.5,5.45,1138,13.738
Apr 8 2025 12:00,DAL LAKE AT CHAIRCHINARI,,,7.65,2.85,5.4,183.5,13.9335
Apr 8 2025 12:00,DAL LAKE AT DALGATE,,,7.5,3,6.15,185,12.885
Apr 8 2025 12:00,DAL LAKE AT DHOBIGHAT,,,7.85,4.35,6.5,295.5,16.3455
Apr 8 2025 12:00,"DAL LAKE AT ENTRY POINT OF TALIBAL
NALLAH",,,7.8,2.35,7.75,169,7.719
Apr 8 2025 12:00,DAL LAKE AT HABAK,,,7.95,4.75,5.55,301.5,19.4515
Apr 8 2025 12:00,DAL LAKE AT HAZRATBAL,,,7.9,3.9,7.15,258.5,13.6585
Apr 8 2025 12:00,"DAL LAKE AT NIGEEN, WATER INTAKE PT OF POKHRIBAL WATER TREATMENT
PLANT",,,8.1,3,7.5,214.5,10.2145
Apr 8 2025 12:00,"DAL LAKE AT NISHAT, WATER INTAKE POINT OF NISHAT WATER TREATMENT
PLANT",,,8.05,2.9,8.1,177.5,8.6775
Apr 8 2025 12:00,DAL LAKE AT SONALANK,,,7.95,2.2,8.1,205,6.605
Apr 8 2025 12:00,DAL LAKE AT SRINAGAR,,,7.6,3.45,7.5,183.5,11.5335
Apr 8 2025 12:00,DAL LAKE NEAR NISHAT LAM,,,7.95,4.15,6.85,227.5,14.9775
Apr 8 2025 12:00,"MANSAR LAKE POINT OF DISCHARGE OF WASTE WATER FROM DIFFERENT
ESTABLISHMENTS NEAR NAG TEMPLE",,,7.8,1,6.9,215.5,5.4155
Apr 8 2025 12:00,"SURINSAR LAKE POINT OF DISCHARGE OF WASTE WATER FROM DIFFERENT
ESTABLISHMENTS",,,8.35,9.9,6.3,205,33.305
Apr 8 2025 12:00,WULAR LAKE AT SADERKOTE,34.369556,74.5592611,7.45,3.55,5,244,16.894
Apr 8 2025 12:00,WULAR LAKE AT ZALWAN,,,7.3,3.45,4.85,288.5,16.9385
Apr 8 2025 12:00,"WULAR LAKE AT ENTRY PT OF ERIN
NALLAH",,,7.55,2.8,5.45,117.5,13.6175
Apr 8 2025 12:00,WULAR LAKE AT NINGLI NALLAH,,,7.35,2,5.5,227,11.227
Apr 8 2025 12:00,WULAR LAKE AT WATLAB,,,7.55,2.1,6.45,205,9.605
Apr 8 2025 12:00,WULAR LAKE ATKANIBATH,,,7.4,3.75,5.55,228,16.378
Apr 8 2025 12:00,"DIMNA LAKE, DIMNA",,,7.45,1.3,7.5,205.5,5.1055
Apr 8 2025 12:00,TOP CHANCHI LAKE,23.922,86.1822,7.5,2.45,7.5,#VALUE!,#VALUE!
Apr 8 2025 12:00,"HOLY POND OF SHIV GANGA JARMUNDI,
DUMKA",,,7.9,2.35,5.8,323,11.773
Apr 8 2025 12:00,"LOCO TALAB ) PUMPU TALAB), AT- BARMASIA, DHANBAD",,,7.35,8.35,3.45,#VALUE!,#VALUE!
Apr 8 2025 12:00,"RANIBANDH TALAB NEAR ISM, DHANBAD",,,7.35,4.7,4.1,#VALUE!,#VALUE!
Apr 8 2025 12:00,"SHIV GANGA POND, DEOGHAR",,,7.9,2.05,6.9,321,8.671
Apr 8 2025 12:00,ABBIGERE LAKE,13.0795,77.5286,7.3,22.5,3.75,812.5,76.8125
Apr 8 2025 12:00,AGARAM LAKE,12.6346,80.1045,7.1,13,4.45,796,46.896
Apr 8 2025 12:00,AMRUTHAHALLI LAKE,13.0603,77.5997,7.1,5.5,5.4,706,22.406
Apr 8 2025 12:00,"ANDHRAHALLI LAKE, ANDHRAHALLI, BENGALURU",13.0092,77.48326,6.75,16.5,3.25,997.5,59.9975
Apr 8 2025 12:00,ARAKERE LAKE,12.883,77.5981,7.35,5.35,5.7,845.5,21.4955
Apr 8 2025 12:00,BASAVANAPURA LAKE,12.8447,77.5889,7.3,6.5,5.45,701.5,25.3015
Apr 8 2025 12:00,BATTARAHALLI LAKE,13.0244,77.7089,7.8,10.5,5,827.5,38.3275
Apr 8 2025 12:00,BELLANDUR LAKE,12.9357,77.6717,6.7,52.5,1.55,1111,171.511
Apr 8 2025 12:00,BHUTANALA LAKE,16.8852,75.7095,8.3,19.5,5.6,1118,64.418
Apr 8 2025 12:00,BUGUDANAHALLI LAKE,,,6.85,4,6.3,226.5,15.6265
Apr 8 2025 12:00,CHELEKERE LAKE,13.0263,77.6454,6.95,7,5.5,811.5,26.8115
Apr 8 2025 12:00,"CHIKKABANVARA LAKE,
CHIKKABANWARA, BENGALURU NORTH",,,7.1,13,4,1048,48.048
Apr 8 2025 12:00,CHINNAKURCHI KERE,,,7.15,6,6.1,364.5,22.1645
Apr 8 2025 12:00,CHINNAPANHALLI LAKE,,,7.5,21,3.45,954.5,73.0545
Apr 8 2025 12:00,DALAVAI LAKE,,,7.8,11,1.95,946.5,46.0465
Apr 8 2025 12:00,DEVARABEESANAHALLI LAKE,,,7.05,16.5,4.35,880.5,57.6805
Apr 8 2025 12:00,DEVARAYASAMUDRA LAKE,,,7.05,5.5,5,649.5,23.1495
Apr 8 2025 12:00,DODDABIDARAKALLU LAKE,,,6.85,192,2.7,1355.5,587.9555
Apr 8 2025 12:00,"GANGONDANA HALLI LAKE, BENGALURU
NORTH",,,6.75,104,3.15,1684.5,323.3845
Apr 8 2025 12:00,GARUDACHARPALYA LAKE,,,7.05,9.5,5.1,1047,35.347
Apr 8 2025 12:00,GOTTIGERE LAKE,,,7.4,23,4.55,837,76.737
Apr 8 2025 12:00,GOTTIGERE LAKE,,,6.6,18.5,4.45,1480,64.08
Apr 8 2025 12:00,GUBBALAL KERE,,,7.1,7,5.6,309,26.109
Apr 8 2025 12:00,HARALAKUNTE LAKE,,,7.45,17,3.55,1047,60.947
Apr 8 2025 12:00,"HEBALLA VALLEY LAKE AT D/S ROAD BRIDGE NR. MANDYA,",,,8,4.15,5.5,520.5,17.9705
Apr 8 2025 12:00,HEBBAL LAKE,,,8.25,5.45,5.35,1267.5,22.9175
Apr 8 2025 12:00,HEBBAL LAKE,,,6.9,9.5,5.05,638.5,35.0385
Apr 8 2025 12:00,HOSAKEREHALLI LAKE,,,6.75,41.5,3.15,1063,135.263
Apr 8 2025 12:00,HULIMAVU LAKE,,,7.4,6.5,5.15,841.5,26.0415
Apr 8 2025 12:00,IBBALUR LAKE,,,6.95,10,4.2,472,38.072
Apr 8 2025 12:00,JAKKSANDRA LAKE,,,6.95,19,3.65,769,66.469
Apr 8 2025 12:00,JAKKUR LAKE,,,7.35,8,4.45,885,31.985
Apr 8 2025 12:00,"KACHOHALLI LAKE, KACHOHALLI,
BENGALURU NORTH",,,6.95,65,2.9,1283,206.483
Apr 8 2025 12:00,KAIKONDANAHALLI LAKE,,,7.15,15,3.75,1039,54.539
Apr 8 2025 12:00,KALENA AGRAHARA LAKE,,,7.45,7.5,5.65,864,28.064
Apr 8 2025 12:00,KAMMGONDANAHALLI LAKE,,,7,7.5,4.55,1148,30.548
Apr 8 2025 12:00,KARIHOBANAHALLI LAKE,,,6.95,41.5,3.2,1843.5,135.9435
Apr 8 2025 12:00,KASAVANAHALLI LAKE,,,6.85,5,5.85,531.5,19.8315
Apr 8 2025 12:00,KEMPAMBUDHI LAKE,,,7.5,8.5,5.55,543,30.943
Apr 8 2025 12:00,KILLA LAKE,,,7.9,3.85,7.3,512,13.462
Apr 8 2025 12:00,KODI SINGASANDRA LAKE,,,7.25,11.5,4.8,870.5,41.7705
Apr 8 2025 12:00,KOTHUNURU LAKE,,,7.1,19,4.6,857,64.657
Apr 8 2025 12:00,KOWDHENAHALLI LAKE,,,7.4,29.5,3.4,1841.5,99.5415
Apr 8 2025 12:00,KUKKARAHALLI LAKE,,,8.05,3.55,5.9,632.5,15.4825
Apr 8 2025 12:00,KUNDALAHALLI LAKE,,,7.3,10.5,4.55,1012,39.412
Apr 8 2025 12:00,LIMBHABUDI LAKE,,,8.05,4.35,5.3,707,19.157
Apr 8 2025 12:00,MACHOHALLI LAKE,,,6.95,74,3.35,2292.5,233.5925
Apr 8 2025 12:00,MULBHAGAL LAKE,,,7.5,41,3.3,1328,133.728
Apr 8 2025 12:00,NALLURAHALLI LAKE,,,6.6,6.5,5.05,597,25.997
Apr 8 2025 12:00,NARASAPURA LAKE,,,7.45,6.5,5.15,782,25.982
Apr 8 2025 12:00,NARASIPURA LAKE,,,7.15,18.5,4.1,562.5,63.8625
Apr 8 2025 12:00,NAVALOORU LAKE,,,7.7,3.65,6.65,940,14.59
Apr 8 2025 12:00,NELAMANGALA LAKE,,,7.05,25,3.55,1271,85.171
Apr 8 2025 12:00,PARAPPANA AGRAHARA LAKE,,,7.25,21.5,4.15,752,72.952
Apr 8 2025 12:00,PATTANDUR AGARAHARA,,,7.35,18,3.55,543.5,63.4435
Apr 8 2025 12:00,PUTTENAHALLI LAKE,,,7.15,12.5,4.65,816,45.016
Apr 8 2025 12:00,PUTTENAHALLI LAKE (S),,,7.35,7,5.35,761.5,27.0615
Apr 8 2025 12:00,RACHENAHALLI LAKE,,,7.55,13.5,4.9,824.5,47.5245
Apr 8 2025 12:00,RAMPURA LAKE,,,7,51,2.25,1251.5,165.7515
Apr 8 2025 12:00,SADRAMANGALA LAKE,,,7.4,19.5,4.25,789.5,66.7895
Apr 8 2025 12:00,SARAKKI LAKE,,,7.55,6,6,599,22.599
Apr 8 2025 12:00,SEETHARAM PALYA LAKE,,,7.9,27,3.1,2186,92.986
Apr 8 2025 12:00,SHETTYKERE LAKE,,,7.9,4.5,5.45,805.5,19.4055
Apr 8 2025 12:00,SINGAPURA LAKE,,,6.85,26,2.75,1130,89.63
Apr 8 2025 12:00,SINGASANDRA LAKE,,,7.05,20,4.05,964.5,68.8645
Apr 8 2025 12:00,SOMASUNDRA PALYA LAKE,,,7.1,12.2,4.85,769.5,43.6695
Apr 8 2025 12:00,SOMPURA LAKE,,,7.35,4,5.7,385.5,16.9855
Apr 8 2025 12:00,SWARANA KUNTE,,,7.5,6,5.5,882,23.882
Apr 8 2025 12:00,TUBRAHALLI LAKE,,,7.4,44,2.55,1351,144.251
Apr 8 2025 12:00,ULLALU LAKE,,,7.1,9,4.15,965,35.665
Apr 8 2025 12:00,ULSOOR LAKE TEMPLE,,,7.7,22.5,4.4,402.5,75.1025
Apr 8 2025 12:00,"ULSOOR LAKE TRAINING CENTRE OF FISH BREEDING,",,,7.65,20.5,4.4,411.5,69.1115
Apr 8 2025 12:00,VARTHUR LAKE,,,7.1,33,2.55,1072.5,110.9725
Apr 8 2025 12:00,WHITEFIELD KERE,,,7.5,33,3.6,692.5,108.4925
Apr 8 2025 12:00,YEDIYUR LAKE,,,7.35,10.5,5.6,267.5,36.5675
Apr 8 2025 12:00,YENNEHOLE LAKE,,,7.75,7.7,2.45,997,35.197
Apr 8 2025 12:00,AIANAKERE TANK,,,8.15,68,5.15,1317,211.017
Apr 8 2025 12:00,ALLASANDRA TANK,,,7.45,6.25,5.2,822,25.172
Apr 8 2025 12:00,ALUR KERE,,,6.9,9.5,5.55,383.5,33.7835
Apr 8 2025 12:00,ANEKAL DODDAKERE TANK,,,7.3,35.5,3.8,1717,116.617
Apr 8 2025 12:00,ANGOL MI TANK,,,8.05,30.35,4.15,438.5,99.1885
Apr 8 2025 12:00,ANNAYAPPA TANK,,,7.3,5.5,5.5,333,21.833
Apr 8 2025 12:00,AVALI KERE,,,7.6,5.1,3.65,1455,25.455
Apr 8 2025 12:00,B KATIHALLI KERE,,,7.65,2.2,6.05,370,10.87
Apr 8 2025 12:00,BANDEMATTA TANK,,,7.05,11.5,4.95,732,41.332
Apr 8 2025 12:00,BASAVANAHALLIKERE TANK,,,7.7,2,5.9,500,10.7
Apr 8 2025 12:00,BEENNIGANAHALLI TANK,,,7.25,13.5,3.75,691.5,49.6915
Apr 8 2025 12:00,BEGUR TANK,,,6.95,6.5,5.3,935,25.835
Apr 8 2025 12:00,BHATHIKERE TANK,,,7.45,7.5,3.9,575,31.275
Apr 8 2025 12:00,BHEEMSANDRA TANK,,,7.05,25,3.6,1305,85.105
Apr 8 2025 12:00,BYRAMANGALA TANK,,,7.25,15.5,4.15,1117,55.317
Apr 8 2025 12:00,BYRASANDRA TANK,,,7.1,8.5,4.7,748.5,32.8485
Apr 8 2025 12:00,CHANDAPURA LAKE,,,7.05,24,2.65,1704,84.404
Apr 8 2025 12:00,DASARAHALLI TANK,,,6.75,8,4.85,657,30.957
Apr 8 2025 12:00,DEVARAKERE TANK,,,7.05,10,5.15,1405.5,37.1055
Apr 8 2025 12:00,DHOREKERE TANK,,,6.95,21.4,3.3,691,74.291
Apr 8 2025 12:00,DODDAKERE TANK,,,6.9,4.5,6,280.5,17.7805
Apr 8 2025 12:00,DODDANAKUNDI TANK,,,7.15,7,4.7,1652,29.252
Apr 8 2025 12:00,DYAVASANDRA TANK,,,7.1,5.5,5.4,505.5,22.2055
Apr 8 2025 12:00,GANIGARAHOSAHALLIKERE TANK,,,7.95,2.6,5.3,820,14.02
Apr 8 2025 12:00,GAVENAHALLIKERE,,,7.65,2.1,6.45,400,9.8
Apr 8 2025 12:00,HANUMANTHAPURAKATTE TANK,,,7.65,2.4,4.95,445,13.745
Apr 8 2025 12:00,HEREKERE TANK,,,7.65,16.5,5,814,56.314
Apr 8 2025 12:00,HEROHALLI TANK,,,6.8,17,3.3,943.5,61.3435
Apr 8 2025 12:00,HESARAGHATTA TANK,,,6.75,4.5,5.7,412.5,18.5125
Apr 8 2025 12:00,HULLIGE TANK,,,7.9,4.25,7.2,898.5,15.2485
Apr 8 2025 12:00,HUNASINA KERE TANK,,,7.55,2.3,6.2,485,10.985
Apr 8 2025 12:00,HUNDIKERE (KOPPAL) TANK,,,7.95,4.5,7.3,892,15.792
Apr 8 2025 12:00,INORKATTE KERE,,,7.55,2.1,5.3,380,12.08
Apr 8 2025 12:00,JIGANI TNAK,,,6.9,11,5.85,968.5,38.2685
Apr 8 2025 12:00,JOLADAKATTE TANK,,,7.9,2.55,5,520,14.17
Apr 8 2025 12:00,KAKATI POND,,,9.35,8.65,6.5,2499.5,31.4495
Apr 8 2025 12:00,KALKERE TANK,,,7.45,14.5,4.05,797,52.197
Apr 8 2025 12:00,KAMMASANDRA TANK,,,7,55,2.2,1686,178.286
Apr 8 2025 12:00,KANCHANAHALLI KOPPALU KERE,,,7.7,5.1,3.7,2645,26.545
Apr 8 2025 12:00,KARANJIKERE TANK,,,8,4.25,6.7,630,15.98
Apr 8 2025 12:00,KELEGERE TANK,,,7.85,3.65,7.05,519.5,13.3695
Apr 8 2025 12:00,KENGERI TANK,,,7.1,21.5,4.45,839,72.439
Apr 8 2025 12:00,KOGILU KERE,,,7.4,8,5.15,869.5,30.5695
Apr 8 2025 12:00,KOKKANAGHATTADODDAKERE TANK,,,8.25,4.9,5.25,1700,21.9
Apr 8 2025 12:00,KONDAGGIKERE TANK,,,7.9,4.35,6.6,295,16.145
Apr 8 2025 12:00,KOUSHIKA KERE,,,7.55,2.05,6.5,495,9.645
Apr 8 2025 12:00,KUNDUVADAKERE TANK,,,8,2.3,6.9,330,9.43
Apr 8 2025 12:00,LALBAGH TANK,,,7.35,15.5,4.75,453,53.453
Apr 8 2025 12:00,LINGAPPANAKATTE TANK,,,7.7,2.5,6,495,11.995
Apr 8 2025 12:00,MADAVARA TANK,,,6.9,7.5,5,726.5,29.2265
Apr 8 2025 12:00,MADHURE TANK,,,6.65,10.5,4.85,231,38.031
Apr 8 2025 12:00,MADIWALA TANK,,,7.55,6.5,5.65,844,25.044
Apr 8 2025 12:00,MAKANA KERE,,,7.65,4.8,2.45,1070,26.57
Apr 8 2025 12:00,MALATHAHALLI TANK,,,6.95,21,3.05,1136.5,74.0365
Apr 8 2025 12:00,"MANCHALAPUR TANK, MANCHALAPUR, RAICHUR TQ & DIST",,,8.3,12,6.85,1653.5,39.9535
Apr 8 2025 12:00,MANCHANABALE DAM,,,7.45,7,5.15,871.5,27.5715
Apr 8 2025 12:00,MANCHANABALE DAM,,,6.95,91,3.4,958,283.158
Apr 8 2025 12:00,MATTADAKERE TANK,,,7.8,19.5,6.3,845,62.745
Apr 8 2025 12:00,MAVENAKERE TANK,,,8.4,18.5,6.85,1559,59.359
Apr 8 2025 12:00,MELEKOTE TANK,,,7.3,28,3.75,1050.5,93.5505
Apr 8 2025 12:00,MYDALA TANK,,,6.85,3.5,6.05,375,14.775
Apr 8 2025 12:00,NAGAVARA TANK,,,7.25,19,4.05,540.5,65.4405
Apr 8 2025 12:00,NAYANDANAHALLI TANK,,,7.05,99.3,3.15,721,308.321
Apr 8 2025 12:00,NIRASAGARAKERE TANK,,,7.85,1.75,7.45,382,6.732
Apr 8 2025 12:00,NUGGIKERE TANK,,,7.7,3.5,6.7,735,13.835
Apr 8 2025 12:00,PEREMINAHALLI KERE,,,7.6,2.15,5.8,450,11.3
Apr 8 2025 12:00,PILIKULA TANK,,,6.85,2.5,6.4,176,10.876
Apr 8 2025 12:00,RAMAMMANA KERE,,,7.8,12.5,4.85,1130.5,44.9305
Apr 8 2025 12:00,RAMAMMANA KERE,,,6.7,24.5,4.05,798,82.198
Apr 8 2025 12:00,RAYASANDRA LAKE,,,7.3,12.5,3.05,1299,48.699
Apr 8 2025 12:00,"SANAVALLI DAM, MUNGOD",,,7.05,2.45,7.25,207,9.057
Apr 8 2025 12:00,SANKALAPURAKERE TANK,,,7.65,2.3,5.25,575,12.975
Apr 8 2025 12:00,SANKEY TANK,,,7.05,5.5,5.85,541,21.341
Apr 8 2025 12:00,SATHENAHALLIDODDAKERE TANK,,,7.85,3.5,5.35,1030,16.83
Apr 8 2025 12:00,SATHYAMANGALA KERE,,,7.7,2.1,5.95,420,10.82
Apr 8 2025 12:00,SHANTHISAGARKERE TANK,,,8,2.5,6.65,217,10.417
Apr 8 2025 12:00,SHARANABASAVESHWARA KERE,,,7.95,4.5,7.1,1352.5,16.6525
Apr 8 2025 12:00,SHIVAPURA TANK,,,7.05,44,3.05,2436,144.336
Apr 8 2025 12:00,SOMESHWARAKERE TANK,,,7.5,3.9,6.3,1036,16.136
Apr 8 2025 12:00,SOUDRALLI KERE,,,7.55,3.35,5.1,920,16.77
Apr 8 2025 12:00,SUBRAMANYAPURA TANK,,,7.05,27.5,2.55,1487,94.887
Apr 8 2025 12:00,SUDANAKERE TANK,,,7.95,3.65,7.1,685.5,13.4355
Apr 8 2025 12:00,UNAKALKERE TANK,,,8,3.6,7.1,942,13.542
Apr 8 2025 12:00,UTTARAHALLI DORAIKERE,,,8,26,3.7,321,86.921
Apr 8 2025 12:00,VEERAPURA TANK,,,7.3,63.5,3.4,3084.5,202.7845
Apr 8 2025 12:00,VENGAIHNAKERE,,,6.85,41.5,4.05,998.5,133.3985
Apr 8 2025 12:00,VIMANABHUTHIKERE TANK,,,7.75,2.1,6.95,191,8.591
Apr 8 2025 12:00,YELAHANKA TANK,,,7.5,9,5.45,816,32.916
Apr 8 2025 12:00,YELLAMALLAPPA TANK,,,7.1,9.5,4.35,1339,37.139
Apr 8 2025 12:00,"ALAPPUZHA, KERALA",,,7.2,2.5,6.6,658,10.958
Apr 8 2025 12:00,"ASHTHAMUDI LAKE AT QUILON, KERALA",,,6.85,2.25,5.6,16705,28.255
Apr 8 2025 12:00,"KAYAMKULAM, KERALA",,,7.45,3.65,4.35,4468,22.718
Apr 8 2025 12:00,"KODUNGALLOOR, KERALA",,,7.6,1.7,6.85,16810,24.21
Apr 8 2025 12:00,LAKE VEMBANAD AT PATHIRAMANAL (ALAPPUZHA),,,7,2.4,7,722.5,9.9225
Apr 8 2025 12:00,"ORUVATHILKOTTA LAKE, KERALA",,,7.1,4.1,2.4,206.5,23.7065
Apr 8 2025 12:00,"PARAVUR, KERALA",,,6.9,1.65,6,14135,23.085
Apr 8 2025 12:00,PAZHASSI RESERVOIR (KANNUR),,,7.2,1.1,7.35,60,4.66
Apr 8 2025 12:00,"PERIYAR LAKE AT THEKKADY, KERALA",,,7.15,1,7.15,40,4.74
Apr 8 2025 12:00,"POOKOTE, KERALA",,,6.75,1.25,7.55,26.5,4.6765
Apr 8 2025 12:00,RSVR AT BHOOTHATHANKETU,,,7.15,1.15,7.55,39.5,4.3895
Apr 8 2025 12:00,RSVR AT EDAMALAYAR,,,7.05,1,7.55,34.5,3.9345
Apr 8 2025 12:00,RSVR AT MALAMPUZHA,,,7.3,2.2,6.95,107.5,8.8075
Apr 8 2025 12:00,"SASTHAMCOTTA LAKE, KERALA",,,7.1,1.5,7,173.5,6.6735
Apr 8 2025 12:00,"VELLAYANI LAKE AT VANDITHADOM, THIRUVANANTHAPURAM",,,6.3,2.75,6.15,135,12.085
Apr 8 2025 12:00,"VEMBANAD LAKE,KOCHI (OIL TANKER JETTY), KERALA",,,7.1,2.3,5.6,21290,32.99
Apr 8 2025 12:00,MANANCHIRA POND AT KOZHEKODE,,,7.35,1.55,7.35,116.5,6.0665
Apr 8 2025 12:00,"POND AT (PADMANABHA) SREE
PADMANABHA SWAMY TEMPLE (TVPM)",,,7.45,5.75,4.6,265,24.315
Apr 8 2025 12:00,POND C/O MOHIDHEEN PALLI,,,8.15,#VALUE!,#VALUE!,372,#VALUE!
Apr 8 2025 12:00,POND NEAR JUMA MASJID,,,8.3,1,9,600,1.6
Apr 8 2025 12:00,POND NEAR KULAPPINAKKAL,,,7,#VALUE!,#VALUE!,741,#VALUE!
Apr 8 2025 12:00,BILAWALI TALAB AT INDORE,,,8.1,1.5,7.35,419,6.219
Apr 8 2025 12:00,CHORAL DAM NEAR INDORE,,,7.75,1.15,7.4,449,5.099
Apr 8 2025 12:00,GANGA SAGAR JABALPUR,,,7.65,4.35,6.55,522,16.472
Apr 8 2025 12:00,GOVINDGARH LAKE,,,7.55,1.3,7.3,246,5.546
Apr 8 2025 12:00,JANUNIA TALAB NEAR W/S,,,7.45,4.9,7.3,369.5,16.4695
Apr 8 2025 12:00,"KALISINDH RESERVOIR AT SARANGPUR,
RAJGARH",,,7.55,1.9,7.45,370,7.17
Apr 8 2025 12:00,"KANHARGAON STOP DAM WATER
SUPPLY INTAKE OF CHHINDWARA TOWN",,,8,1.4,7.5,612,5.812
Apr 8 2025 12:00,"KERWA DAM NEAR REST HOUSE, BPL",,,7.7,1.2,7.8,302.5,4.3025
Apr 8 2025 12:00,"KHANDARI RESERVOIR WATER OFF TAKE
POINT",,,7.65,1.45,7.7,324.5,5.2745
Apr 8 2025 12:00,"KOPTAL LAKE AT WATER SUPPLY INTAKE
POINT CHHATARPUR",,,7.85,1.95,5.7,472.5,10.9225
Apr 8 2025 12:00,LOWER LAKE AT BHOPAL OUTLET M.P.,,,7.6,4.6,6.5,367.5,17.1675
Apr 8 2025 12:00,"MADHAV LAKE, SHIVPURI",,,7.85,2.45,6.5,539,10.889
Apr 8 2025 12:00,"MULTAI TANK LAKE AT VILLA. KHARI ON BETUL-AMRAVATI ROAD M.P(.TAPTI NEAR AMARAWATI, ROAD BRIDGE AT
VILLAGE KHEDA)",,,7.75,1.5,7.5,712,6.212
Apr 8 2025 12:00,NAGCHUN TALAB AT KHANDWA,,,7.3,1.4,6.95,315.5,6.6155
Apr 8 2025 12:00,"SHAHPURA LAKE AT WEIR NEAR
AYUSHMAN HOSPITAL, BHOPAL",,,7.7,8.4,6.1,591.5,29.5915
Apr 8 2025 12:00,SIRPUR TALAB AT INDORE,,,7.8,1.2,7.25,570,5.67
Apr 8 2025 12:00,SUPTAL JABALPUR,,,7.45,3.8,6.85,529,14.229
Apr 8 2025 12:00,UPPER LAKE AT BAIRAGARH CLUB,,,7.75,1.35,6.05,248,8.198
Apr 8 2025 12:00,"UPPER LAKE AT BHOPAL (INTAKE POINT), M.P.",,,7.45,2.65,6.55,256.5,11.1065
Apr 8 2025 12:00,UPPER LAKE AT KARBALA CLUB,,,7.7,2.6,6.8,230.5,10.4305
Apr 8 2025 12:00,UPPER LAKE AT YATCH CLUB,,,7.75,2.35,6.65,249,9.999
Apr 8 2025 12:00,YASHWANT SAGAR AT INDORE,,,8.05,1.6,7.25,618,6.918
Apr 8 2025 12:00,BAGDOON TALAB PITHAMPUR SANJAY JALASHAY PITHAMPUR,,,7.9,1.15,7.35,375.5,5.1255
Apr 8 2025 12:00,"DAL SAGAR TALAB, DIST SEONI",,,7.6,3.1,6.8,416,12.116
Apr 8 2025 12:00,"GOKALPUR TALAB, DIST JABALPUR",,,8,5.2,6.65,425.5,18.7255
Apr 8 2025 12:00,HANUMANTAL JABALPUR,,,7.55,3.15,6.45,448,12.998
Apr 8 2025 12:00,"MITHA TALAB, DEWAS",,,7.85,2.25,7.35,389.5,8.4395
Apr 8 2025 12:00,MOTI TALAB AT BALAGHAT,,,7.55,3.15,7,474.5,11.9245
Apr 8 2025 12:00,"PIPLIYA PALA TALAB, INDORE",,,8.05,1.7,7.05,530.5,7.5305
Apr 8 2025 12:00,POND WATER AT LAKODA,,,7.55,1.9,7.15,401,7.801
Apr 8 2025 12:00,"RANI TALAB, REWA",,,8,1.45,6.65,351.5,7.4015
Apr 8 2025 12:00,"RANITAL TALAB, JABALPUR",,,7.7,5.4,6.75,522.5,19.2225
Apr 8 2025 12:00,"RIHAND RESRVOIR, SINGRAULI",,,7.3,1.6,7.05,366.5,7.0665
Apr 8 2025 12:00,SITAPAT TALAB DHAR,,,#VALUE!,1.1,4.05,267,11.467
Apr 8 2025 12:00,"PERIAT TANK NEAR WSS INTAKE POINT
JABALPUR",,,7.55,1.4,7.45,284,5.584
Apr 8 2025 12:00,LOKTAK LAKE AT BISHNUPUR,,,6.95,3.1,7.1,192.5,11.2925
Apr 8 2025 12:00,LOKTAK LAKE AT KARANG ISLAND,,,7.2,3.35,7.05,195,12.145
Apr 8 2025 12:00,LOKTAK LAKE AT SENDRA,,,7.15,3.25,7.05,170,11.82
Apr 8 2025 12:00,LOKTAK LAKE AT THANA,,,7.3,3.35,7.1,182.5,12.0325
Apr 8 2025 12:00,PUMLEN LAKE AT TOKPACHING,,,7.2,3.4,7.25,208,11.908
Apr 8 2025 12:00,CHANAM PUKHURI,,,7.3,3.6,6.35,270,14.37
Apr 8 2025 12:00,HIRANMEI PUKHURI AT THOUBAL,,,7.25,3.55,6.85,265,13.215
Apr 8 2025 12:00,LAMJAO PUKHURI AT ACHOUBA,,,7.35,3.35,7.05,215,12.165
Apr 8 2025 12:00,LANGMEIDONG PUKHURI AT THOUBAL,,,7.3,3.45,7,195,12.545
Apr 8 2025 12:00,LILONG PUKHURI,,,7.4,3.35,6.95,215,12.365
Apr 8 2025 12:00,NINGTHEM PUKHURI,,,7.3,3.85,6.1,250,15.6
Apr 8 2025 12:00,POND AT KAKWA BAZAR,,,7.35,3.75,6.3,405,15.055
Apr 8 2025 12:00,POND AT KONGBA BAZAR,,,7.25,4,6.15,445,16.145
Apr 8 2025 12:00,POND AT LALAMBUNG,,,7.1,3.45,6.75,205,13.055
Apr 8 2025 12:00,POND AT MAIBAM LOKPACHING,,,7.2,3.45,6.9,175,12.725
Apr 8 2025 12:00,POND AT MOIDANGPOK,,,7.3,3.25,7,127.5,11.8775
Apr 8 2025 12:00,POND AT NGAIRANGBAM,,,7.45,3.25,7.2,135,11.485
Apr 8 2025 12:00,PUKHRI AT LANGMEIDONG,,,7.35,3.4,7.2,215,12.015
Apr 8 2025 12:00,"TASEK LAKE AT SONGSAK (NAPHAK),",,,7.1,1.85,6.75,69.5,8.1195
Apr 8 2025 12:00,"THADLASKEIN LAKE, JOWAI",,,7.1,1.65,7.2,53.5,6.6035
Apr 8 2025 12:00,UMIAM LAKE AT BARAPANI,,,7.4,6.5,6.25,95.5,23.0955
Apr 8 2025 12:00,UMIAM LAKE AT MIDDLE POINT,,,7.45,6.15,6.15,89,22.239
Apr 8 2025 12:00,"UMIAM LAKE AT OUTFALL OF UMIAM
INTO LAKE",,,7.55,7.5,5.2,163.5,28.2635
Apr 8 2025 12:00,"UMIAM LAKE ATNEAR UNITED
CHRISTIAN COLLEGE",,,7.3,6.15,6.1,99.5,22.3495
Apr 8 2025 12:00,WARD'S LAKE AT SHILLONG,,,7.4,2.85,6.9,127.5,10.8775
Apr 8 2025 12:00,"TAMDIL LAKE, SAITUAL",,,7,1.6,9.7,170.5,1.5705
Apr 8 2025 12:00,LAWBUAI FISHPOND,,,7.2,2.2,6.8,328,9.328
Apr 8 2025 12:00,"POND NEAR THERMAL POWER PLANT, BAIRABI",,,7.4,2.05,6.95,271,8.521
Apr 8 2025 12:00,"PHE RESERVOIR, HELIPAD, NEW SAIHA",,,7.25,1.8,8,206.5,5.6065
Apr 8 2025 12:00,"BANGLA FISHERY, DIMAPUR",,,7.25,2.05,4.7,319,13.069
Apr 8 2025 12:00,"PUDUMPUKHURI, DIMAPUR",,,4.9,2.05,4.1,161,14.111
Apr 8 2025 12:00,ANSHUPA AT BISHNUPUR,,,7.3,1.9,6.35,147.5,9.1475
Apr 8 2025 12:00,ANSHUPA AT SARANDAGARH,,,7.35,1.65,5.85,159.5,9.4095
Apr 8 2025 12:00,ANSHUPA AT SUBARANAPUR,,,7.5,1.5,7,141.5,6.6415
Apr 8 2025 12:00,ANSHUPA LAKE KADALIBARI,,,7.65,1.7,6.8,188,7.688
Apr 8 2025 12:00,CHILKA AT RAMBHA,,,7.7,2,8.3,20313,25.713
Apr 8 2025 12:00,"CHILKA LAKE AT SATAPADA (RAMSAR
SITE)",,,7.65,1.55,7.7,22855,28.105
Apr 8 2025 12:00,TAMPADA LAKE AT CHHATRAPUR,,,8.2,3.95,7.25,546,13.896
Apr 8 2025 12:00,"BINDUSAGAR ( RELIGIOUS POND OF BHUBANESWAR CITY) (NORTH) (LINGRAJ
TEMPLE)",,,7.25,1.95,6.6,328,8.978
Apr 8 2025 12:00,INDRADYUMNA TANK ( RILIGIOUS POND OF PURI CITY),,,8.5,4.75,6.95,422,16.772
Apr 8 2025 12:00,JAGANNATH SAGAR POND OF JEYPORE,,,7.35,2.05,6.05,309,10.359
Apr 8 2025 12:00,"MARKANDA POKHARI ( RILIGIOUS POND
OF PURI CITY)",,,8.4,5.85,7.85,534,18.384
Apr 8 2025 12:00,"NARENDRA POKHARI ( RILIGIOUS POND
OF PURI CITY)",,,8.6,5.9,9.95,658.5,14.4585
Apr 8 2025 12:00,"PARVATI SAGAR ( RILIGIOUS POND OF
PURI CITY)",,,8.1,7.65,6.6,465.5,26.2155
Apr 8 2025 12:00,RANIGUDA POND,,,7.85,6.45,7.7,863,20.813
Apr 8 2025 12:00,SWETAGANGA ( RILIGIOUS POND OF PURI CITY),,,8.4,5.8,9.45,521.5,15.0215
Apr 8 2025 12:00,BAHOUR LAKE,,,7.3,1.75,5.4,286.5,10.7365
Apr 8 2025 12:00,KANAGAN LAKE,,,8.35,16.4,10.4,1126,45.526
Apr 8 2025 12:00,OUSTERI LAKE,,,7.15,1.65,7.2,240,6.79
Apr 8 2025 12:00,"HARIKE LAKE AT HARIKE VILLAGE,
PUNJAB",,,7.85,1.85,7.85,251,6.101
Apr 8 2025 12:00,"HARIKE LAKE D/S FROM CANAL, PUNJAB",,,7.8,2.4,7.65,264,8.164
Apr 8 2025 12:00,"RANJIT SAGAR RESERVOIR, PUNJAB",,,7.9,1,7.6,184.5,3.9845
Apr 8 2025 12:00,"FATEH SAGAR LAKE AT UDAIPUR INTAKE POINT OF PHED, RAJASTHAN",,,8.25,2.35,6.6,728.5,10.5785
Apr 8 2025 12:00,"GAPE- SAGAR LAKE, DUNGARPUR, RAJASTHAN",,,8.4,2.95,4.8,5921.5,21.1715
Apr 8 2025 12:00,"GOVERDHAN SAGAR, UDAIPUR",,,8.05,2.2,5.35,881.5,12.7815
Apr 8 2025 12:00,"JAISAMAND LAKE, ALWAR, RAJASTHAN",,,7.2,1.2,4.2,194.5,11.3945
Apr 8 2025 12:00,"JAISAMAND LAKE, SALUMBER, UDAIPUR, POINT NO. 1, RAJASTHAN",,,8.65,1.65,7.45,653.5,6.7035
Apr 8 2025 12:00,"JAISAMAND LAKE, SALUMBER, UDAIPUR, POINT NO. 2, RAJASTHAN",,,8.65,1.85,7.5,592.5,7.1425
Apr 8 2025 12:00,"JALMAHAL, JAIPUR, RAJASTHAN",,,8.85,4.55,2.45,1940,26.69
Apr 8 2025 12:00,"JET SAGAR LAKE, BUNDI, RAJASTHAN",,,8,2.75,4.05,352.5,16.5025
Apr 8 2025 12:00,"KAYALANA JHEEL JODHPUR, RAJASTHAN",,,7.9,1.55,7.95,339,5.089
Apr 8 2025 12:00,"LODHA TALAB, BANSWARA- DUNGARPUR ROAD, BANSWARA,
RAJASTHAN",,,8.15,3.1,4.35,818.5,17.4185
Apr 8 2025 12:00,"NAKKI LAKE, MT. ABU, RAJASTHAN",,,7.95,2.35,5.55,325,12.275
Apr 8 2025 12:00,"NELA TALAB, SECTOR-14 HIRAN MARG, UDAIPUR",,,8.25,2.95,5.25,807,15.157
Apr 8 2025 12:00,"PICHOLA LAKE AT UDAIPUR (WATER INTAKE POINT), RAJASTHAN",,,8,1.9,6,523.5,10.2235
Apr 8 2025 12:00,"PUSHKAR LAKE, RAJASTHAN",,,7.65,3.35,6.05,305,14.255
Apr 8 2025 12:00,"RAJSAMAND LAKE , RAJSAMAND- POINT
NO. 1, RAJSAMAND, RAJASTHAN",,,8.55,2.05,6.45,625,9.875
Apr 8 2025 12:00,"RAJSAMAND LAKE , RAJSAMAND- POINT
NO. 2, RAJSAMAND, RAJASTHAN",,,8.8,1.9,5.9,610.5,10.5105
Apr 8 2025 12:00,"SILISERH LAKE, ALWAR, RAJASTHAN",,,8,1.35,5.9,226,8.476
Apr 8 2025 12:00,SWAROOP SAGAR LAKE,,,8.45,1.7,4.9,625,11.925
Apr 8 2025 12:00,"UDAISAGAR LAKE AT UDAIPUR (INTAKE
PT.) RAJASTHAN",,,7.9,2.25,5.3,1566.5,13.7165
Apr 8 2025 12:00,"BADI KA TALAB, UDAIPUR",,,7.8,1.9,7.5,456,7.156
Apr 8 2025 12:00,"KODAI KANAL LAKE, TAMILNADU",,,7.1,2.5,6.5,121.5,10.6215
Apr 8 2025 12:00,"POONDI LAKE AT THIRUVALLUR, TAMILNADU",,,7.55,2.5,7.45,610,9.21
Apr 8 2025 12:00,"PORUR LAKE AT THIRUVALLUR, TAMILNADU",,,7.65,3,6.5,1169.5,13.1695
Apr 8 2025 12:00,"PULICATE LAKE AT THIRUVALLUR, TAMILNADU",,,7.55,3,5.95,33865,46.965
Apr 8 2025 12:00,"REDD HILLS AT THIRUVALLUR, TAMILNADU",,,7.3,3,6.1,546,13.346
Apr 8 2025 12:00,"UDHAGAMADALEM LAKE (OOTY),
TAMILNADU",,,6.6,2.75,6.45,415.5,11.7655
Apr 8 2025 12:00,"VEERANAM LAKE AT CUDDALORE,
TAMILNADU",,,7.35,2,6.2,516.5,10.1165
Apr 8 2025 12:00,"YERCAUD LAKE, SALEM, TAMILNADU",,,6.9,1.6,6.15,306.5,8.8065
Apr 8 2025 12:00,"OVER HEAD TANK AT TIRUR VILLAGE, TIRUVALLUR TALUK, TIRUVALLUR
PANCHAYAT UN",,,7.1,3,5.85,1489,14.789
Apr 8 2025 12:00,"BAKSHI KUNTA (VEMANA COLONY PARK), CHANDANAGAR,
SERILINGAMPALLY, RR",,,7.5,9.5,2.35,1055,40.855
Apr 8 2025 12:00,"BANDA CHERUVU, MALKAJIGIRI (V),
MALKAJIGIRI (NEW MANDAL)",,,7.6,10.9,0.8,1412.5,48.5125
Apr 8 2025 12:00,"BANDAM CHERUVU, GAJULARAMARAM, QUTUBULLAPUR, MEDCHAL –
MALKAGIRI",,,7.65,6,2.9,804.5,29.0045
Apr 8 2025 12:00,"BANDAM CHERUVU, HANAMKONDA",,,7.8,7.7,2.4,1056,35.356
Apr 8 2025 12:00,"BANDLAGUDA CHERUVU, BANDALGUDA
UPPAL, MEDCHAL - MALKAGIRI",,,7.45,11.2,0.3,1257,50.257
Apr 8 2025 12:00,"BANJARA KUNTA (SINGADI KUNTA(,
SHAIKPET",,,7.85,4.7,2.2,939.5,26.6395
Apr 8 2025 12:00,"BANJARA LAKE, BANJARA HILLS, RANGA REDDY",,,7.3,12,0.3,1014.5,52.4145
Apr 8 2025 12:00,"BATHAR KUNTA, SHAIKPET, HYDERABAD",,,7.8,8,1.15,1180,38.88
Apr 8 2025 12:00,"CAMPUS LAKE, ICRISAT",,,6.95,2.55,6.3,567.5,11.6175
Apr 8 2025 12:00,"CHAKALAVANI CHERUVU, LINGAMPALLY, SERILINGAMPALLY, RR",,,7.65,12,1.6,1276,50.076
Apr 8 2025 12:00,"CHINNA BANDAM, SURARAM, QUTUBULLAPUR, MEDCHAL – MALKAGIRI",,,7.65,8.05,2.1,1517,37.467
Apr 8 2025 12:00,"CHINNA PEDDA CHERUVU, GOPANPALLY, SERILINGAMPALLY, RR",,,7.8,4.5,3.05,916.5,24.3165
Apr 8 2025 12:00,"CHINNARAYAN CHERUVU, ALWAL (V)",,,7.7,9,1.25,1406,41.906
Apr 8 2025 12:00,"CHINTAL CHERUVU, GAJULARAMARAM, QUTUBULLAPUR, MEDCHAL –
MALKAGIRI",,,7.9,4.05,3.6,474.5,21.4245
Apr 8 2025 12:00,"DMRL LAKE, KANCHANBAGH,
BANDLAGUDA, HYDERABAD",,,7.65,10.6,2.05,1434.5,45.1345
Apr 8 2025 12:00,"FOX SAGAR, JEEDIMETLA, RANGA REDDY",,,8.05,4.5,2,1259,26.759
Apr 8 2025 12:00,"GOPI CHERUVU, LINGAMPALLY,
SERILINGAMPALLY, RR",,,7.75,6.5,2.2,1161,32.261
Apr 8 2025 12:00,"GURUNATH CHERUVU, MIYAPUR, SERILINGAMPALLY, RR",,,7.75,9,2.1,1071.5,39.8715
Apr 8 2025 12:00,"HASMATHPET LAKE, HASMATHPET, RANGA REDDY",,,7.75,8,0.3,1323,40.723
Apr 8 2025 12:00,"HIMAYAT SAGAR LAKE , R.R.DIST.",,,7.7,2.35,5.55,457,12.407
Apr 8 2025 12:00,"HUDA PARK LAKE/ BUMRUKH KHAN
DOWLA",,,7.7,14,0.6,2483.5,59.2835
Apr 8 2025 12:00,"HUSSAIN SAGAR LAKE, BUDAMERU",,,7.7,6.9,1.35,1227,35.227
Apr 8 2025 12:00,"ICRISAT LAKE, ICRISAT",,,6.9,2.85,6.35,654,12.504
Apr 8 2025 12:00,"KAPRAI CHERUVU, SAHEBNAGAR (V),
HAYATHNAGAR",,,7.75,3.05,3.95,524.5,17.7745
Apr 8 2025 12:00,"KOMATI KUNTA, GOPANPALLY,
SERILINGAMPALLY, RR",,,7.8,4.55,3.45,664.5,23.4145
Apr 8 2025 12:00,"KOTHA CHERUVU (ALWAL CHERUVU), ALWAL (V)",,,7.9,10,0.6,1605.5,46.4055
Apr 8 2025 12:00,"KOTHA CHERUVU, SHAIKPET, HYDERABAD",,,7.85,6.5,2.2,1117.5,32.2175
Apr 8 2025 12:00,"KUDI KUNTA (GAUTAMI LAKE), KONDAPUR, SERILINGAMPALLY, RR",,,7.25,11.5,0.3,1407,51.307
Apr 8 2025 12:00,LAKE KAMUNI ( SHAMSHABAD LAKE),,,7.7,3.95,3.1,1003,22.653
Apr 8 2025 12:00,"LAKNAVARAM CHERUVU, MULUGU (V)",,,7.65,2.35,5.8,167.5,11.6175
Apr 8 2025 12:00,"LANGARHOUSE LAKE, HYDERABAD",,,7.7,7.1,0.65,1195,37.195
Apr 8 2025 12:00,"LAXMINARAYANA CHERUVU AT
EDULABAD, RANGAREDDY",,,7.9,3.9,4.25,1415,20.615
Apr 8 2025 12:00,"LINGAM CHERUVU, SURARAM (V),
QUTHUBULLAPUR",,,7.4,9.1,0.3,1609.5,44.3095
Apr 8 2025 12:00,"LINGAM KUNTA, CHANDANAGAR (V)
SERLINGAMPALLY",,,7.7,7,1.75,1150,34.65
Apr 8 2025 12:00,"MADDELLA KUNTA/ BAIRAMALGUDA
CHERUVU",,,7.35,3.75,4.3,939,19.589
Apr 8 2025 12:00,"MAHABOOB KUNTA, SURARAM, QUTUBULLAPUR, MEDCHAL –
MALKAGIRI",,,7.25,5.05,2.95,712.5,25.9625
Apr 8 2025 12:00,"MANNEVARI KUNTA, MACHABOLLARAM
(V) ALWAL",,,7.85,8.5,0.3,1732,42.632
Apr 8 2025 12:00,"MEDDELA KUNTA, GAJULARAMARAM, QUTUBULLAPUR, MEDCHAL –
MALKAGIRI",,,7.7,7,2.75,869.5,32.3695
Apr 8 2025 12:00,"MEDI KUNTA (WIPRO LAKE),
NANAKRAMGUDA",,,7.8,6.6,2.35,919.5,32.0195
Apr 8 2025 12:00,"MEEDI KUNTA (BK ENCLAVE LAKE), MAQTA MAHBOOBPET,
(MADEENAGUDA)",,,7.55,7.1,1.65,963,34.963
Apr 8 2025 12:00,"MEEDI KUNTA, HAFEEZPET (V)",,,7.9,6.4,2.9,924,30.324
Apr 8 2025 12:00,"MIRALAM LAKE NEAR ZOO PARK, RANGAREDDY",,,7.65,5.1,1.6,1287.5,29.3875
Apr 8 2025 12:00,"MOHINI CHERUVU, AMBERPET, HYDERABAD",,,7.85,10.05,2.15,1277,43.127
Apr 8 2025 12:00,"MOTHKULA KUNTA, MACHABOLLARAM, ALWAL, MEDCHAL - MALKAGIRI",,,7.5,7,1.7,1431,35.031
Apr 8 2025 12:00,"MYSAMMA CHERUVU, KUKATPALLY, BALANAGAR, MEDCHAL - MALKAGIRI",,,7.55,9,1.15,1184,41.884
Apr 8 2025 12:00,"NAGOLE CHERUVU, UPPAL (V)",,,7.65,8.9,1.15,1275.5,41.6755
Apr 8 2025 12:00,"NANAKRAM KUNTA, NANAKRAMGUDA,
SERILINGAMPALLY, RR",,,7.75,17.05,2.05,690.5,63.7405
Apr 8 2025 12:00,NARINJA LAKE,,,7.1,2.55,6.5,540,11.19
Apr 8 2025 12:00,"NAYA QUILA TALAB, GOLKONDA,
HYDERABAD",,,8.2,11.65,1.8,1234,48.584
Apr 8 2025 12:00,"NAYANAMMA KUNTA (BASPALLI CHERUVU), HAFEEZPET,
SERILINGAMPALLY, RR",,,7.85,6.5,2.15,1038,32.238
Apr 8 2025 12:00,NEKNAMPUR LAKE,,,7.85,9,1.5,1754,41.754
Apr 8 2025 12:00,"NOOR MD. KUNTA, KATTEDAN,
RANGAREDDY",,,7.55,14.1,0.3,1910,59.61
Apr 8 2025 12:00,"PARKI CHERUVU, KUKATPALLY (V),
BALANAGAR",,,7.65,9,0.3,1441,43.841
Apr 8 2025 12:00,"PATEL CHERUVU, NACHARAM (V),
UPPAL (NEW MANDAL)",,,7.65,14.5,0.3,1469,60.369
Apr 8 2025 12:00,"PATEL CHERUVU, UPPAL (V)",,,7.4,9.3,1.45,1126,42.126
Apr 8 2025 12:00,"PATHULGUDA LAKE, PATHALGUDA, UPPAL, MEDCHAL - MALKAGIRI",,,7.85,13,1.25,1314.5,53.8145
Apr 8 2025 12:00,"PEDDA CHERUVU - KHAJA GUDA, KHJAGUDA (V), SERLINGAMPALLY 9NEW MANDAL)",,,7.75,13.5,3.35,1473.5,51.2735
Apr 8 2025 12:00,"PEDDA CHERUVU, GANGARAM (V) SERLINGAMPALLY (NEW MANDAL)",,,7.55,8.75,1.85,1531.5,40.0815
Apr 8 2025 12:00,"PEDDA CHERUVU, MADIKONDA",,,7.75,5.05,4.6,636.5,22.5865
Apr 8 2025 12:00,"PEDDAKUDI CHERUVU, MAQTA
MAHBOOBPET, SERILINGAMPALLY, RR",,,7.7,9.5,1.75,1060.5,42.0605
Apr 8 2025 12:00,"PHAKAL CHERUVU, NARSAMPET",,,8,2.45,5.65,297,12.347
Apr 8 2025 12:00,"RAMAMMA KUNTA (DR. YSR TOURISM COLLEGE), GACHIBOWLI,
SERILINGAMPALLY, RR",,,7.85,4.5,1.35,677.5,27.4775
Apr 8 2025 12:00,"RAMAPPA LAKE, WARANGAL",,,7.95,2.2,5.7,272,11.472
Apr 8 2025 12:00,"RED LAKE, ICRISAT",,,7.1,3.7,6.05,810,15.81
Apr 8 2025 12:00,"REGULA KUNTA, MIYAPUR
SERILINGAMPALLY, RR",,,7.7,5.3,2.25,782,28.182
Apr 8 2025 12:00,"SAFILGUDA LAKE, RANGA REDDY",,,7.7,9.5,0.95,1507.5,44.1075
Apr 8 2025 12:00,"SALKAM CHERUVU, BANDLAGUDA, HYDERABAD",,,7.7,19.5,1.25,1925.5,73.9255
Apr 8 2025 12:00,"SAROORNAGAR , RANGA REDDY DIST.",,,7.75,9.9,0.75,1240.5,45.4405
Apr 8 2025 12:00,"SHAHATAM CHERUVU, SHAIKPET,
HYDERABAD",,,7.55,13,0.3,1187.5,55.5875
Apr 8 2025 12:00,"SHAMEERPET LAKE, SHAMEERPET,
RANGA REDDY",,,7.9,2.45,5.65,560,12.61
Apr 8 2025 12:00,"SHIKARI KUNTA, SHAIKPET, HYDERABAD",,,7.95,4.55,3.55,994,23.544
Apr 8 2025 12:00,"SUDALAVANI KUNTA (SUNNAM CHERUVU), ALLAHPUR, BALANAGAR,
MEDCHAL - MALKAGIRI",,,7.45,9.5,0.65,1268,44.468
Apr 8 2025 12:00,SURISIGAL LAKE ICRISAT,,,7.15,2.75,6.25,628,12.378
Apr 8 2025 12:00,"SURRAM CHERUVU (PALLE CHERUVU), BANDLAGUDA (V), BANDLAGUDA (NEW
MANDAL)",,,7.4,11,0.65,1668.5,49.3685
Apr 8 2025 12:00,"TIRUMALAGIRI TANK, TIRUMALAGIRI, HYDERABAD",,,7.75,9,0.3,1423.5,43.8235
Apr 8 2025 12:00,"UMDA SAGAR LAKE, SHAMSHABAD",,,7.65,5.05,2,916.5,28.0665
Apr 8 2025 12:00,"VENNA CHERUVU, JEEDIMETLA, QUTUBULLAPUR, MEDCHAL –
MALKAGIRI",,,7.45,10.5,1.7,1458,45.558
Apr 8 2025 12:00,"YELLAMMA CHERUVU, KUKATPALLY, MEDCHAL - MALKAGIRI",,,7.55,12.9,1.65,1638.5,53.0385
Apr 8 2025 12:00,"YERRA KUNTA, SHAIKPET, HYDERABAD",,,7.6,11.5,2.05,1046,47.446
Apr 8 2025 12:00,"AMBER CHERUVU, KUKATPALLY, RANGA
REDDY",,,7.75,9.9,0.3,1212.5,46.3125
Apr 8 2025 12:00,"ASANI KUNTA, KAJIPALLY, MEDAK",,,6.85,190.5,0.8,10025,595.925
Apr 8 2025 12:00,"BHADRAKALI CHERUVU, BHADRAKALI TEMPLE, WARANGAL",,,8.05,3.05,5,719,15.869
Apr 8 2025 12:00,DURGAM CHERUVU,,,7.9,4.2,2.8,824.5,23.8245
Apr 8 2025 12:00,"KAPRA CHERUVU, KAPRA, RANGA
REDDY",,,7.65,5.6,1.9,1417,30.417
Apr 8 2025 12:00,"LOTUS POND, HAKIMPET (V), SHAIK PET
(NEW MANDAL)",,,7.75,3.1,4.05,731,17.931
Apr 8 2025 12:00,"NALLA CHERUVU, RANGAREDDY",,,7.85,8,0.75,1399.5,39.8995
Apr 8 2025 12:00,"OUTLET OF KTPP ASH POND JOINING TO
MORANCHA VAGU, CHELPUR, GHANPUR",,,7.8,3,4.2,781,17.381
Apr 8 2025 12:00,PEDDA CHERUVU,,,7.85,9,0.75,1414,42.914
Apr 8 2025 12:00,"PEDDA CHERUVU (NACHARAM
CHERUVU)",,,7.65,5,1.5,1374.5,29.3745
Apr 8 2025 12:00,"PRAGATHINAGAR CHERUVU, KUKATPALLY, RANGA REDDY",,,7.6,9.6,1.05,1262.5,43.9625
Apr 8 2025 12:00,"RANGADHAMUNI CHERUVU, RANGA REDDY",,,7.8,7.5,1.25,1153.5,37.1535
Apr 8 2025 12:00,"SAI CHERUVU, NEAR TANNERY INDUSTRIES, DESAIPET, WARANGAL",,,8,18,1.65,4250,70.95
Apr 8 2025 12:00,"AMEENPUR CHERUVU, AMEENPUR (V & M) SANGAREDDY DISTRICT",,,7,4.6,5.5,1172.5,19.9725
Apr 8 2025 12:00,BIBINAGAR TANK,,,7.3,3.35,5.6,801,15.651
Apr 8 2025 12:00,"BULBUL KUNTA, LAXMI NAGAR (V),
RAJENDRANAGAR",,,7.7,13.2,0.3,1769.5,56.7695
Apr 8 2025 12:00,"CHINNA WADDEPALLY TANK,
WARANGAL",,,7.7,10.9,2.45,1030.5,44.8305
Apr 8 2025 12:00,"CHITKUL TANK, CHITKUL (V) PATANCHERU (M) SANGAREDDY
DISTRICT",,,7.1,4.6,5.45,1241,20.141
Apr 8 2025 12:00,DHARMASAGAR TANK NEAR WARANGAL,,,8.2,2.05,5.65,377.5,11.2275
Apr 8 2025 12:00,"GADDAPOTHARAM CHERUVU, GADDAPOTHARAM VILLAGE, JINNARAM
MANDAL, SANGAREDDY DIST",,,7.05,12.5,4.7,4335,48.435
Apr 8 2025 12:00,"GANDIGUDEM TANK , MEDAK DISTRICT",,,7.15,6.6,5.6,1471,26.071
Apr 8 2025 12:00,"IBRAHIM CHERUVU, RAJENDRA NAGAR",,,7.75,12.8,0.75,1544.5,54.4445
Apr 8 2025 12:00,"ISNAPUR TANK, ISNAPUR (V) PATANCHERU 9M) SANGAREDDY
DISTRICT",,,7.15,15,4.55,3793,55.693
Apr 8 2025 12:00,"JOGULAMBA TEMPLE, GADWAL",,,7.75,3.15,4.8,979.5,16.8295
Apr 8 2025 12:00,"KAJIPALLY TANK, KAJIPALLY, MEDAK",,,7.15,7.5,4.8,2696,31.596
Apr 8 2025 12:00,"KISTAIPALLY TANK, KAZIPET,
WARANGAL",,,7.35,6,4.75,3529,28.029
Apr 8 2025 12:00,"KISTAREDDYPET TANK , MEDAK DIST.",,,7.1,7.45,5.6,2259.5,29.4095
Apr 8 2025 12:00,"KOMATI CHERUVU, SIDDIPET TOWN, SIDIPET DISTRICT",,,7.25,12.85,5.95,694,43.344
Apr 8 2025 12:00,"KOTI CHERUVU, HANAMKONDA, WARANGAL",,,7.6,4.05,2.75,939,23.589
Apr 8 2025 12:00,"LAKADARAM CHERUVU, LAKADARAM
(V) PATANCHERU (M) SANGAREDDY
DISTRICT",,,7.2,5,5.05,1012,21.912
Apr 8 2025 12:00,"LARGE TANK, SAROORNAGAR (V)",,,7.7,17,0.3,1429.5,67.8295
Apr 8 2025 12:00,"MAHABOOBSAGAR TANK SANGAREDDY
(V & M) SANGAREDDY DISTRICT",,,7.15,5,5.65,958.5,20.6585
Apr 8 2025 12:00,MALLAPUR TANK,,,7.6,12.8,0.3,2110,55.91
Apr 8 2025 12:00,MALLEPALLY TANK MALLEPALLY (V) KONDAPUR (M) SANGAREDDY DISTRICT,,,7.15,3.55,5.9,1049.5,15.8995
Apr 8 2025 12:00,"MUCHARLA NAGARAM CHERUVU, WARANGAL",,,8,3.05,4.15,820.5,17.6705
Apr 8 2025 12:00,"MULLAKATWA CHERUVU, JI TECH CITY, MADHAPUR,",,,7.45,10,0.3,1975.5,47.3755
Apr 8 2025 12:00,"MUTHANGI TANK, MUTHANGI (V), PATANCHERU (M) SANGAREDDY
DISTRICT",,,7.15,3.95,5.35,1064.5,18.2145
Apr 8 2025 12:00,"PEDDA CHERUVU, MANSOORABAD (V), SAROORNAGAR",,,7.65,5.05,2.45,802.5,27.0525
Apr 8 2025 12:00,"PREMAJIPET TANK, KATTEDAN, RANGAREDDY",,,7.9,15.6,1.45,3120.5,63.0205
Apr 8 2025 12:00,"RANGASAMUDRAM, WARANGAL",,,7.85,6.05,2.7,956,29.706
Apr 8 2025 12:00,"RAYAM CHERUVU, BONTHAPALLY VILLAGE, JINNARAM MANDAL,
SANGAREDDY DISTRICT",,,7.25,3.25,5.2,902.5,16.2525
Apr 8 2025 12:00,"RUDRARAM TANK, RUDRARAM (V)PATANCHERU (M) SANGAREDDY
DISTRICT",,,7.05,4.75,5.75,1460.5,20.2105
Apr 8 2025 12:00,"SAKI TANK, PATANCHERU, RANGA REDDY",,,7.15,4.6,5.9,934.5,18.9345
Apr 8 2025 12:00,"SUNNAM KUNTA, JUBILLE HILLS",,,7.6,5.05,4.2,582,23.332
Apr 8 2025 12:00,"WADDEPALLY TANK, KAZIPET,
WARANGAL",,,8.05,2.55,5.2,497,13.747
Apr 8 2025 12:00,"YERDANOOR TANK, YERDANOOR (V)
SANGAREDDY DISTRICT",,,7.1,3.6,5.9,721,15.721
Apr 8 2025 12:00,"DHAMBUR LAKE, DHALAI",,,7.2,1.3,5.5,177.5,9.0775
Apr 8 2025 12:00,"DIMASAGAR LAKE, NORTH GATE",,,6.95,1.6,5.55,159.5,9.8595
Apr 8 2025 12:00,"LAXMI NARAYAN BARI PALACE
COMPOUND, TRIPURA",,,7.3,1.25,5.8,167.5,8.3175
Apr 8 2025 12:00,MBB COLLEGE LAKE,,,7.2,1.4,5.7,167.5,8.9675
Apr 8 2025 12:00,RUDRASAGAR EAST LAKE TRIPURA,,,7.3,1.45,5.75,177.5,9.0275
Apr 8 2025 12:00,"RUDRASAGAR NORTH LAKE,TRIPURA",,,7.1,1.85,6.1,177,9.527
Apr 8 2025 12:00,RUDRASAGAR WEST LAKE TRIPURA,,,7.35,1.55,6.05,155,8.705
Apr 8 2025 12:00,"RUDRASAGAR, SONUMURA, TRIPURA",,,7.05,1.4,5.45,159.5,9.4595
Apr 8 2025 12:00,"BRAMAKUNDA POND, WEST TRIPURA",,,7.2,1.4,5.95,192.5,8.4925
Apr 8 2025 12:00,CHATURDASH DEBATA BARI POND,,,7,1.4,6.15,166.5,8.0665
Apr 8 2025 12:00,DURGABARI POND,,,6.75,1.45,5.55,170,9.42
Apr 8 2025 12:00,"JAGANNATH DIGHI, SOUTH TRIPURA",,,7.1,1.6,5.7,172,9.572
Apr 8 2025 12:00,"KALYANSAGAR AT MATARBARI, SOUTH TRIPURA",,,7.35,2.05,5.95,180.5,10.4305
Apr 8 2025 12:00,KATAL DIGHI POND,,,7.2,1.35,5.55,167,9.117
Apr 8 2025 12:00,LALBAHADUR DIGHI POND,,,7.1,1.45,5.5,166.5,9.5165
Apr 8 2025 12:00,"MAHADEB DIGHI, SOUTH TRIPURA",,,7.15,1.25,6.1,163,7.713
Apr 8 2025 12:00,RADHANAGAR POND,,,7.2,7.05,3.7,181.5,29.9315
Apr 8 2025 12:00,"SHIPAHIJALA POND, WEST TRIPURA",,,6.9,1.5,5.45,160,9.76
Apr 8 2025 12:00,"RAMGARH LAKE, U.P.",,,8.55,6,8.3,503.5,17.9035
Apr 8 2025 12:00,"SAMARPUR JHEEL, RAEBARELI",,,7.9,4.5,6.4,311,17.011
Apr 8 2025 12:00,"LAXMI POND, JHANSI",,,7.8,10.5,5.15,626.5,37.8265
Apr 8 2025 12:00,"MAAHIL POND, URAI TEHSIL, JALAUN",,,8.2,24,2.95,1263,83.363
Apr 8 2025 12:00,BHEEMTAL LAKE,,,7.6,1.3,8.2,185,3.685
Apr 8 2025 12:00,"NAINI LAKE AT NAINITAL (WATER
INTAKE POINT)",,,7.5,1.5,8.6,405,3.705
Apr 8 2025 12:00,"BELBONI LAKE NEAR BARJORA,
BANKURA",,,7.55,1.45,8.15,168,4.218
Apr 8 2025 12:00,"HANUMAN GHAT ON DUDHPUKUR AT
TARAKESHWAR, HOOGHLY",,,8.25,5.85,8.55,665.5,17.1155
Apr 8 2025 12:00,"HATISHALA GHAT ON DUDHPUKUR AT
TARAKESHWAR, HOOGHLY",,,8.05,5.05,7.7,717.5,16.4675
Apr 8 2025 12:00,JOREPOKHARI LAKE AT SUKHIAPOKHARI,,,7.4,1.4,6.65,58.5,6.9585
Apr 8 2025 12:00,"KOCHBIHAR LAKE (SAGAR DIGHI),
COOCHBEHAR",,,7.15,1.6,7.5,50,5.85
Apr 8 2025 12:00,LAKE RASIKBHEEL AT COOCHBEHAR,,,7.55,1.75,7.85,80,5.63
Apr 8 2025 12:00,"MAINH GHAT ON DUDHPUKUR AT TARAKESHWAR, HOOGHLY",,,8.15,5.4,7.9,672,17.072
Apr 8 2025 12:00,"MIRIKH LAKE, DARJEELING",,,7.25,2.3,6.35,131.5,10.3315
Apr 8 2025 12:00,"RABINDRASAROVAR NATIONAL LAKE,
CALCUTTA, WEST BENGAL",,,7.85,2.95,7.45,539,10.489
Apr 8 2025 12:00,SAHEBBANDH AT PURULIA,,,7.3,5,9.3,366.5,12.7665
Apr 8 2025 12:00,SINCHAL LAKE FOR DARJEELING,,,7.25,1.05,7.6,21,3.971
Apr 8 2025 12:00,"WATER RESERVIOR AT DELO LAKE,
DARJELLING",,,7.25,1.4,7.7,28,4.828
Apr 8 2025 12:00,WATER RESERVIOR ST. HELENS SCHOOL,,,7.4,1.3,7.8,44.5,4.3445
,,,,0,,,,
,,,,0,,,,
,,,,0,,,,
